{"stats":{"minecraft:picked_up":{"minecraft:birch_log":1,"minecraft:pink_petals":3,"alexsmobs:ambergris":2,"minecraft:white_bed":1,"minecraft:dirt":2,"minecraft:arrow":2,"minecraft:rotten_flesh":3,"minecraft:bow":1},"minecraft:mined":{"minecraft:pink_petals":6,"minecraft:white_bed":1,"minecraft:birch_log":1,"minecraft:birch_leaves":4,"minecraft:grass":4,"minecraft:grass_block":2,"minecraft:oak_leaves":4},"minecraft:custom":{"minecraft:time_since_rest":2361,"minecraft:sprint_one_cm":43255,"minecraft:walk_one_cm":22374,"minecraft:damage_taken":1031,"minecraft:mob_kills":6,"minecraft:drop":5,"minecraft:damage_dealt":1057,"minecraft:swim_one_cm":2619,"minecraft:fly_one_cm":423326,"minecraft:crouch_one_cm":811,"minecraft:play_time":45483,"minecraft:deaths":3,"minecraft:sneak_time":476,"minecraft:walk_under_water_one_cm":7597,"minecraft:jump":412,"minecraft:leave_game":4,"minecraft:time_since_death":2338,"minecraft:walk_on_water_one_cm":2868,"minecraft:total_world_time":45483,"minecraft:fall_one_cm":17290},"minecraft:used":{"alexsmobs:spawn_egg_raccoon":1,"minecraft:netherite_sword":24,"minecraft:villager_spawn_egg":1,"minecraft:bread":2,"iceandfire:spawn_egg_sea_serpent":3,"iceandfire:spawn_egg_stymphalian_bird":1,"alexsmobs:spawn_egg_cachalot_whale":2,"minecraft:cobblestone":48,"minecraft:bow":4,"alexsmobs:spawn_egg_dropbear":2,"alexsmobs:spawn_egg_crow":1,"minecraft:white_bed":1},"minecraft:dropped":{"minecraft:coal_ore":1,"minecraft:cherry_leaves":1,"minecraft:arrow":2,"minecraft:bow":1,"minecraft:pink_petals":3},"minecraft:killed":{"minecraft:skeleton":2,"minecraft:zombie":4}},"DataVersion":3465}