{"stats":{"minecraft:used":{"alexsmobs:spawn_egg_raccoon":1,"minecraft:villager_spawn_egg":1,"alexsmobs:spawn_egg_dropbear":2,"alexsmobs:spawn_egg_crow":1,"alexsmobs:spawn_egg_cachalot_whale":2},"minecraft:picked_up":{"minecraft:birch_log":1,"alexsmobs:ambergris":2},"minecraft:custom":{"minecraft:time_since_rest":25720,"minecraft:crouch_one_cm":252,"minecraft:play_time":25720,"minecraft:sprint_one_cm":4029,"minecraft:damage_taken":30,"minecraft:walk_one_cm":7589,"minecraft:sneak_time":188,"minecraft:walk_under_water_one_cm":3170,"minecraft:drop":1,"minecraft:jump":68,"minecraft:leave_game":2,"minecraft:time_since_death":25720,"minecraft:walk_on_water_one_cm":2064,"minecraft:total_world_time":25720,"minecraft:swim_one_cm":1862,"minecraft:fall_one_cm":1560,"minecraft:fly_one_cm":181163},"minecraft:mined":{"minecraft:birch_log":1,"minecraft:birch_leaves":4,"minecraft:oak_leaves":2},"minecraft:dropped":{"minecraft:coal_ore":1}},"DataVersion":3465}