{"stats":{"minecraft:dropped":{"minecraft:coal_ore":1,"minecraft:cherry_leaves":1},"minecraft:used":{"alexsmobs:spawn_egg_raccoon":1,"minecraft:villager_spawn_egg":1,"alexsmobs:spawn_egg_dropbear":2,"alexsmobs:spawn_egg_crow":1,"iceandfire:spawn_egg_sea_serpent":3,"iceandfire:spawn_egg_stymphalian_bird":1,"alexsmobs:spawn_egg_cachalot_whale":2},"minecraft:mined":{"minecraft:birch_log":1,"minecraft:birch_leaves":4,"minecraft:oak_leaves":2},"minecraft:picked_up":{"minecraft:birch_log":1,"alexsmobs:ambergris":2},"minecraft:custom":{"minecraft:time_since_rest":36292,"minecraft:crouch_one_cm":252,"minecraft:sprint_one_cm":15585,"minecraft:play_time":36292,"minecraft:damage_taken":30,"minecraft:walk_one_cm":9460,"minecraft:sneak_time":251,"minecraft:walk_under_water_one_cm":7597,"minecraft:drop":2,"minecraft:jump":213,"minecraft:leave_game":3,"minecraft:walk_on_water_one_cm":2868,"minecraft:time_since_death":36292,"minecraft:total_world_time":36292,"minecraft:swim_one_cm":2619,"minecraft:fall_one_cm":1560,"minecraft:fly_one_cm":387844}},"DataVersion":3465}