{"stats":{"minecraft:custom":{"minecraft:time_since_rest":219,"minecraft:crouch_one_cm":259,"minecraft:play_time":4874,"minecraft:sprint_one_cm":17430,"minecraft:walk_one_cm":13727,"minecraft:damage_taken":795,"minecraft:deaths":3,"minecraft:sneak_time":111,"minecraft:mob_kills":3,"minecraft:jump":167,"minecraft:damage_dealt":551,"minecraft:leave_game":1,"minecraft:time_since_death":195,"minecraft:sleep_in_bed":1,"minecraft:total_world_time":4874,"minecraft:fly_one_cm":33337,"minecraft:fall_one_cm":4776},"minecraft:killed_by":{"minecraft:skeleton":1,"minecraft:zombie":2},"minecraft:killed":{"minecraft:zombie":3},"minecraft:used":{"minecraft:rotten_flesh":2,"minecraft:peony":1},"minecraft:picked_up":{"minecraft:rotten_flesh":4,"minecraft:peony":1,"minecraft:dirt":19},"minecraft:mined":{"minecraft:grass":3,"minecraft:peony":1}},"DataVersion":3465}